"animal","dam","sire","sex","cohort"
"0_1",NA,NA,"F",0
"0_2",NA,NA,"M",0
"0_3",NA,NA,"F",0
"0_4",NA,NA,"M",0
"0_5",NA,NA,"F",0
"0_6",NA,NA,"M",0
"0_7",NA,NA,"F",0
"0_8",NA,NA,"M",0
"0_9",NA,NA,"F",0
"0_10",NA,NA,"M",0
"0_11",NA,NA,"F",0
"0_12",NA,NA,"M",0
"0_13",NA,NA,"F",0
"0_14",NA,NA,"M",0
"0_15",NA,NA,"F",0
"0_16",NA,NA,"M",0
"0_17",NA,NA,"F",0
"0_18",NA,NA,"M",0
"0_19",NA,NA,"F",0
"0_20",NA,NA,"M",0
"0_21",NA,NA,"F",0
"0_22",NA,NA,"M",0
"0_23",NA,NA,"F",0
"0_24",NA,NA,"M",0
"0_25",NA,NA,"F",0
"0_26",NA,NA,"M",0
"0_27",NA,NA,"F",0
"0_28",NA,NA,"M",0
"0_29",NA,NA,"F",0
"0_30",NA,NA,"M",0
"0_31",NA,NA,"F",0
"0_32",NA,NA,"M",0
"0_33",NA,NA,"F",0
"0_34",NA,NA,"M",0
"0_35",NA,NA,"F",0
"0_36",NA,NA,"M",0
"0_37",NA,NA,"F",0
"0_38",NA,NA,"M",0
"0_39",NA,NA,"F",0
"0_40",NA,NA,"M",0
"0_41",NA,NA,"F",0
"0_42",NA,NA,"M",0
"0_43",NA,NA,"F",0
"0_44",NA,NA,"M",0
"0_45",NA,NA,"F",0
"0_46",NA,NA,"M",0
"0_47",NA,NA,"F",0
"0_48",NA,NA,"M",0
"0_49",NA,NA,"F",0
"0_50",NA,NA,"M",0
"0_51",NA,NA,"F",0
"0_52",NA,NA,"M",0
"0_53",NA,NA,"F",0
"0_54",NA,NA,"M",0
"0_55",NA,NA,"F",0
"0_56",NA,NA,"M",0
"0_57",NA,NA,"F",0
"0_58",NA,NA,"M",0
"0_59",NA,NA,"F",0
"0_60",NA,NA,"M",0
"0_61",NA,NA,"F",0
"0_62",NA,NA,"M",0
"0_63",NA,NA,"F",0
"0_64",NA,NA,"M",0
"0_65",NA,NA,"F",0
"0_66",NA,NA,"M",0
"0_67",NA,NA,"F",0
"0_68",NA,NA,"M",0
"0_69",NA,NA,"F",0
"0_70",NA,NA,"M",0
"0_71",NA,NA,"F",0
"0_72",NA,NA,"M",0
"0_73",NA,NA,"F",0
"0_74",NA,NA,"M",0
"0_75",NA,NA,"F",0
"0_76",NA,NA,"M",0
"0_77",NA,NA,"F",0
"0_78",NA,NA,"M",0
"0_79",NA,NA,"F",0
"0_80",NA,NA,"M",0
"0_81",NA,NA,"F",0
"0_82",NA,NA,"M",0
"0_83",NA,NA,"F",0
"0_84",NA,NA,"M",0
"0_85",NA,NA,"F",0
"0_86",NA,NA,"M",0
"0_87",NA,NA,"F",0
"0_88",NA,NA,"M",0
"0_89",NA,NA,"F",0
"0_90",NA,NA,"M",0
"0_91",NA,NA,"F",0
"0_92",NA,NA,"M",0
"0_93",NA,NA,"F",0
"0_94",NA,NA,"M",0
"0_95",NA,NA,"F",0
"0_96",NA,NA,"M",0
"0_97",NA,NA,"F",0
"0_98",NA,NA,"M",0
"0_99",NA,NA,"F",0
"0_100",NA,NA,"M",0
"1_1","0_1","0_74","M",1
"1_2","0_1","0_74","F",1
"1_3","0_1","0_74","F",1
"1_4","0_1","0_74","M",1
"1_5","0_3","0_88","F",1
"1_6","0_3","0_88","F",1
"1_7","0_3","0_88","F",1
"1_8","0_3","0_88","M",1
"1_9","0_5","0_36","M",1
"1_10","0_5","0_36","M",1
"1_11","0_5","0_36","F",1
"1_12","0_5","0_36","F",1
"1_13","0_7","0_16","M",1
"1_14","0_7","0_16","F",1
"1_15","0_7","0_16","F",1
"1_16","0_7","0_16","M",1
"1_17","0_9","0_50","F",1
"1_18","0_9","0_50","F",1
"1_19","0_9","0_50","M",1
"1_20","0_9","0_50","F",1
"1_21","0_11","0_42","F",1
"1_22","0_11","0_42","M",1
"1_23","0_11","0_42","M",1
"1_24","0_11","0_42","M",1
"1_25","0_13","0_90","F",1
"1_26","0_13","0_90","M",1
"1_27","0_13","0_90","F",1
"1_28","0_13","0_90","F",1
"1_29","0_15","0_26","M",1
"1_30","0_15","0_26","M",1
"1_31","0_15","0_26","M",1
"1_32","0_15","0_26","M",1
"1_33","0_17","0_24","M",1
"1_34","0_17","0_24","M",1
"1_35","0_17","0_24","F",1
"1_36","0_17","0_24","F",1
"1_37","0_19","0_32","M",1
"1_38","0_19","0_32","M",1
"1_39","0_19","0_32","M",1
"1_40","0_19","0_32","M",1
"1_41","0_21","0_20","M",1
"1_42","0_21","0_20","M",1
"1_43","0_21","0_20","M",1
"1_44","0_21","0_20","F",1
"1_45","0_23","0_46","M",1
"1_46","0_23","0_46","M",1
"1_47","0_23","0_46","F",1
"1_48","0_23","0_46","F",1
"1_49","0_25","0_34","F",1
"1_50","0_25","0_34","M",1
"1_51","0_25","0_34","F",1
"1_52","0_25","0_34","M",1
"1_53","0_27","0_48","F",1
"1_54","0_27","0_48","F",1
"1_55","0_27","0_48","F",1
"1_56","0_27","0_48","F",1
"1_57","0_29","0_70","F",1
"1_58","0_29","0_70","F",1
"1_59","0_29","0_70","M",1
"1_60","0_29","0_70","M",1
"1_61","0_31","0_6","M",1
"1_62","0_31","0_6","F",1
"1_63","0_31","0_6","M",1
"1_64","0_31","0_6","M",1
"1_65","0_33","0_86","F",1
"1_66","0_33","0_86","M",1
"1_67","0_33","0_86","F",1
"1_68","0_33","0_86","M",1
"1_69","0_35","0_12","M",1
"1_70","0_35","0_12","F",1
"1_71","0_35","0_12","M",1
"1_72","0_35","0_12","F",1
"1_73","0_37","0_94","M",1
"1_74","0_37","0_94","M",1
"1_75","0_37","0_94","M",1
"1_76","0_37","0_94","F",1
"1_77","0_39","0_2","F",1
"1_78","0_39","0_2","M",1
"1_79","0_39","0_2","F",1
"1_80","0_39","0_2","F",1
"1_81","0_41","0_80","F",1
"1_82","0_41","0_80","F",1
"1_83","0_41","0_80","M",1
"1_84","0_41","0_80","F",1
"1_85","0_43","0_38","M",1
"1_86","0_43","0_38","M",1
"1_87","0_43","0_38","M",1
"1_88","0_43","0_38","F",1
"1_89","0_45","0_96","M",1
"1_90","0_45","0_96","M",1
"1_91","0_45","0_96","M",1
"1_92","0_45","0_96","M",1
"1_93","0_47","0_68","M",1
"1_94","0_47","0_68","M",1
"1_95","0_47","0_68","M",1
"1_96","0_47","0_68","M",1
"1_97","0_49","0_78","M",1
"1_98","0_49","0_78","F",1
"1_99","0_49","0_78","F",1
"1_100","0_49","0_78","M",1
"1_101","0_51","0_72","F",1
"1_102","0_51","0_72","F",1
"1_103","0_51","0_72","M",1
"1_104","0_51","0_72","M",1
"1_105","0_53","0_44","F",1
"1_106","0_53","0_44","F",1
"1_107","0_53","0_44","F",1
"1_108","0_53","0_44","M",1
"1_109","0_55","0_10","M",1
"1_110","0_55","0_10","M",1
"1_111","0_55","0_10","F",1
"1_112","0_55","0_10","M",1
"1_113","0_57","0_60","F",1
"1_114","0_57","0_60","M",1
"1_115","0_57","0_60","F",1
"1_116","0_57","0_60","F",1
"1_117","0_59","0_4","F",1
"1_118","0_59","0_4","M",1
"1_119","0_59","0_4","F",1
"1_120","0_59","0_4","F",1
"1_121","0_61","0_52","F",1
"1_122","0_61","0_52","M",1
"1_123","0_61","0_52","F",1
"1_124","0_61","0_52","F",1
"1_125","0_63","0_98","F",1
"1_126","0_63","0_98","M",1
"1_127","0_63","0_98","M",1
"1_128","0_63","0_98","F",1
"1_129","0_65","0_8","F",1
"1_130","0_65","0_8","F",1
"1_131","0_65","0_8","F",1
"1_132","0_65","0_8","M",1
"1_133","0_67","0_66","F",1
"1_134","0_67","0_66","F",1
"1_135","0_67","0_66","M",1
"1_136","0_67","0_66","F",1
"1_137","0_69","0_56","M",1
"1_138","0_69","0_56","F",1
"1_139","0_69","0_56","M",1
"1_140","0_69","0_56","M",1
"1_141","0_71","0_100","M",1
"1_142","0_71","0_100","M",1
"1_143","0_71","0_100","F",1
"1_144","0_71","0_100","M",1
"1_145","0_73","0_28","F",1
"1_146","0_73","0_28","M",1
"1_147","0_73","0_28","M",1
"1_148","0_73","0_28","M",1
"1_149","0_75","0_76","F",1
"1_150","0_75","0_76","F",1
"1_151","0_75","0_76","F",1
"1_152","0_75","0_76","M",1
"1_153","0_77","0_58","F",1
"1_154","0_77","0_58","F",1
"1_155","0_77","0_58","M",1
"1_156","0_77","0_58","F",1
"1_157","0_79","0_18","F",1
"1_158","0_79","0_18","M",1
"1_159","0_79","0_18","F",1
"1_160","0_79","0_18","M",1
"1_161","0_81","0_92","M",1
"1_162","0_81","0_92","M",1
"1_163","0_81","0_92","M",1
"1_164","0_81","0_92","F",1
"1_165","0_83","0_64","M",1
"1_166","0_83","0_64","F",1
"1_167","0_83","0_64","F",1
"1_168","0_83","0_64","F",1
"1_169","0_85","0_30","F",1
"1_170","0_85","0_30","M",1
"1_171","0_85","0_30","F",1
"1_172","0_85","0_30","F",1
"1_173","0_87","0_22","F",1
"1_174","0_87","0_22","F",1
"1_175","0_87","0_22","F",1
"1_176","0_87","0_22","M",1
"1_177","0_89","0_62","F",1
"1_178","0_89","0_62","F",1
"1_179","0_89","0_62","F",1
"1_180","0_89","0_62","F",1
"1_181","0_91","0_54","M",1
"1_182","0_91","0_54","M",1
"1_183","0_91","0_54","M",1
"1_184","0_91","0_54","M",1
"1_185","0_93","0_14","M",1
"1_186","0_93","0_14","F",1
"1_187","0_93","0_14","M",1
"1_188","0_93","0_14","F",1
"1_189","0_95","0_82","M",1
"1_190","0_95","0_82","F",1
"1_191","0_95","0_82","F",1
"1_192","0_95","0_82","M",1
"1_193","0_97","0_84","F",1
"1_194","0_97","0_84","M",1
"1_195","0_97","0_84","M",1
"1_196","0_97","0_84","M",1
"1_197","0_99","0_40","F",1
"1_198","0_99","0_40","M",1
"1_199","0_99","0_40","F",1
"1_200","0_99","0_40","F",1
"2_1","1_48","0_40","M",2
"2_2","1_48","0_40","M",2
"2_3","1_48","0_40","F",2
"2_4","1_48","0_40","M",2
"2_5","1_119","1_40","F",2
"2_6","1_119","1_40","F",2
"2_7","1_119","1_40","F",2
"2_8","1_119","1_40","F",2
"2_9","1_3","1_33","F",2
"2_10","1_3","1_33","M",2
"2_11","1_3","1_33","M",2
"2_12","1_3","1_33","F",2
"2_13","1_72","0_58","M",2
"2_14","1_72","0_58","F",2
"2_15","1_72","0_58","F",2
"2_16","1_72","0_58","F",2
"2_17","1_124","1_32","M",2
"2_18","1_124","1_32","M",2
"2_19","1_124","1_32","M",2
"2_20","1_124","1_32","F",2
"2_21","1_36","1_13","M",2
"2_22","1_36","1_13","F",2
"2_23","1_36","1_13","M",2
"2_24","1_36","1_13","F",2
"2_25","1_174","0_56","F",2
"2_26","1_174","0_56","M",2
"2_27","1_174","0_56","M",2
"2_28","1_174","0_56","F",2
"2_29","1_101","0_34","M",2
"2_30","1_101","0_34","M",2
"2_31","1_101","0_34","F",2
"2_32","1_101","0_34","F",2
"2_33","1_168","1_64","M",2
"2_34","1_168","1_64","F",2
"2_35","1_168","1_64","M",2
"2_36","1_168","1_64","F",2
"2_37","1_164","0_36","M",2
"2_38","1_164","0_36","M",2
"2_39","1_164","0_36","M",2
"2_40","1_164","0_36","F",2
"2_41","1_57","0_38","F",2
"2_42","1_57","0_38","F",2
"2_43","1_57","0_38","F",2
"2_44","1_57","0_38","M",2
"2_45","1_175","0_86","M",2
"2_46","1_175","0_86","M",2
"2_47","1_175","0_86","M",2
"2_48","1_175","0_86","M",2
"2_49","1_53","0_94","F",2
"2_50","1_53","0_94","F",2
"2_51","1_53","0_94","M",2
"2_52","1_53","0_94","F",2
"2_53","1_150","1_137","F",2
"2_54","1_150","1_137","M",2
"2_55","1_150","1_137","M",2
"2_56","1_150","1_137","M",2
"2_57","1_28","1_83","F",2
"2_58","1_28","1_83","M",2
"2_59","1_28","1_83","M",2
"2_60","1_28","1_83","F",2
"2_61","1_149","1_74","M",2
"2_62","1_149","1_74","F",2
"2_63","1_149","1_74","F",2
"2_64","1_149","1_74","F",2
"2_65","1_11","0_32","F",2
"2_66","1_11","0_32","F",2
"2_67","1_11","0_32","M",2
"2_68","1_11","0_32","F",2
"2_69","1_153","0_98","M",2
"2_70","1_153","0_98","M",2
"2_71","1_153","0_98","M",2
"2_72","1_153","0_98","M",2
"2_73","1_49","1_176","M",2
"2_74","1_49","1_176","M",2
"2_75","1_49","1_176","F",2
"2_76","1_49","1_176","F",2
"2_77","1_169","0_90","F",2
"2_78","1_169","0_90","F",2
"2_79","1_169","0_90","F",2
"2_80","1_169","0_90","M",2
"2_81","1_180","0_28","F",2
"2_82","1_180","0_28","F",2
"2_83","1_180","0_28","M",2
"2_84","1_180","0_28","M",2
"2_85","1_197","0_54","F",2
"2_86","1_197","0_54","M",2
"2_87","1_197","0_54","M",2
"2_88","1_197","0_54","F",2
"2_89","1_62","1_91","M",2
"2_90","1_62","1_91","M",2
"2_91","1_62","1_91","M",2
"2_92","1_62","1_91","F",2
"2_93","1_138","0_12","F",2
"2_94","1_138","0_12","F",2
"2_95","1_138","0_12","F",2
"2_96","1_138","0_12","F",2
"2_97","1_27","1_142","M",2
"2_98","1_27","1_142","M",2
"2_99","1_27","1_142","F",2
"2_100","1_27","1_142","M",2
"2_101","0_37","1_161","F",2
"2_102","0_37","1_161","M",2
"2_103","0_37","1_161","M",2
"2_104","0_37","1_161","F",2
"2_105","0_29","1_63","M",2
"2_106","0_29","1_63","M",2
"2_107","0_29","1_63","M",2
"2_108","0_29","1_63","M",2
"2_109","0_3","1_66","F",2
"2_110","0_3","1_66","F",2
"2_111","0_3","1_66","F",2
"2_112","0_3","1_66","M",2
"2_113","0_83","1_94","F",2
"2_114","0_83","1_94","M",2
"2_115","0_83","1_94","M",2
"2_116","0_83","1_94","M",2
"2_117","0_15","0_10","M",2
"2_118","0_15","0_10","F",2
"2_119","0_15","0_10","F",2
"2_120","0_15","0_10","F",2
"2_121","0_27","0_96","M",2
"2_122","0_27","0_96","M",2
"2_123","0_27","0_96","F",2
"2_124","0_27","0_96","F",2
"2_125","0_87","1_158","F",2
"2_126","0_87","1_158","M",2
"2_127","0_87","1_158","M",2
"2_128","0_87","1_158","F",2
"2_129","0_5","1_1","F",2
"2_130","0_5","1_1","F",2
"2_131","0_5","1_1","F",2
"2_132","0_5","1_1","F",2
"2_133","0_45","1_37","F",2
"2_134","0_45","1_37","M",2
"2_135","0_45","1_37","M",2
"2_136","0_45","1_37","M",2
"2_137","0_17","0_72","M",2
"2_138","0_17","0_72","F",2
"2_139","0_17","0_72","F",2
"2_140","0_17","0_72","F",2
"2_141","0_95","1_160","F",2
"2_142","0_95","1_160","M",2
"2_143","0_95","1_160","M",2
"2_144","0_95","1_160","F",2
"2_145","0_51","1_100","F",2
"2_146","0_51","1_100","F",2
"2_147","0_51","1_100","F",2
"2_148","0_51","1_100","M",2
"2_149","0_31","1_31","M",2
"2_150","0_31","1_31","M",2
"2_151","0_31","1_31","M",2
"2_152","0_31","1_31","F",2
"2_153","0_85","0_84","F",2
"2_154","0_85","0_84","F",2
"2_155","0_85","0_84","F",2
"2_156","0_85","0_84","M",2
"2_157","0_47","0_68","F",2
"2_158","0_47","0_68","M",2
"2_159","0_47","0_68","M",2
"2_160","0_47","0_68","M",2
"2_161","0_33","0_66","M",2
"2_162","0_33","0_66","M",2
"2_163","0_33","0_66","M",2
"2_164","0_33","0_66","F",2
"2_165","0_41","1_97","M",2
"2_166","0_41","1_97","M",2
"2_167","0_41","1_97","M",2
"2_168","0_41","1_97","F",2
"2_169","0_89","0_22","F",2
"2_170","0_89","0_22","F",2
"2_171","0_89","0_22","F",2
"2_172","0_89","0_22","F",2
"2_173","0_77","0_62","F",2
"2_174","0_77","0_62","M",2
"2_175","0_77","0_62","F",2
"2_176","0_77","0_62","M",2
"2_177","0_69","1_112","F",2
"2_178","0_69","1_112","M",2
"2_179","0_69","1_112","F",2
"2_180","0_69","1_112","M",2
"2_181","0_65","1_194","M",2
"2_182","0_65","1_194","F",2
"2_183","0_65","1_194","M",2
"2_184","0_65","1_194","F",2
"2_185","0_53","0_46","M",2
"2_186","0_53","0_46","M",2
"2_187","0_53","0_46","F",2
"2_188","0_53","0_46","M",2
"2_189","0_79","0_16","F",2
"2_190","0_79","0_16","F",2
"2_191","0_79","0_16","F",2
"2_192","0_79","0_16","M",2
"2_193","0_23","0_42","M",2
"2_194","0_23","0_42","M",2
"2_195","0_23","0_42","F",2
"2_196","0_23","0_42","M",2
"2_197","0_55","1_24","M",2
"2_198","0_55","1_24","F",2
"2_199","0_55","1_24","F",2
"2_200","0_55","1_24","M",2
"3_1","2_169","1_64","M",3
"3_2","2_169","1_64","F",3
"3_3","2_169","1_64","F",3
"3_4","2_169","1_64","F",3
"3_5","2_63","2_48","M",3
"3_6","2_63","2_48","F",3
"3_7","2_63","2_48","M",3
"3_8","2_63","2_48","M",3
"3_9","2_179","1_31","M",3
"3_10","2_179","1_31","F",3
"3_11","2_179","1_31","M",3
"3_12","2_179","1_31","M",3
"3_13","2_154","2_72","F",3
"3_14","2_154","2_72","M",3
"3_15","2_154","2_72","F",3
"3_16","2_154","2_72","M",3
"3_17","2_170","2_87","F",3
"3_18","2_170","2_87","F",3
"3_19","2_170","2_87","M",3
"3_20","2_170","2_87","F",3
"3_21","2_168","2_58","M",3
"3_22","2_168","2_58","M",3
"3_23","2_168","2_58","F",3
"3_24","2_168","2_58","M",3
"3_25","2_15","2_156","M",3
"3_26","2_15","2_156","F",3
"3_27","2_15","2_156","M",3
"3_28","2_15","2_156","M",3
"3_29","2_172","2_39","M",3
"3_30","2_172","2_39","F",3
"3_31","2_172","2_39","M",3
"3_32","2_172","2_39","F",3
"3_33","2_153","0_62","M",3
"3_34","2_153","0_62","F",3
"3_35","2_153","0_62","M",3
"3_36","2_153","0_62","F",3
"3_37","2_88","2_33","M",3
"3_38","2_88","2_33","F",3
"3_39","2_88","2_33","F",3
"3_40","2_88","2_33","F",3
"3_41","2_6","0_36","M",3
"3_42","2_6","0_36","M",3
"3_43","2_6","0_36","F",3
"3_44","2_6","0_36","M",3
"3_45","2_68","2_192","F",3
"3_46","2_68","2_192","M",3
"3_47","2_68","2_192","M",3
"3_48","2_68","2_192","M",3
"3_49","2_147","2_185","F",3
"3_50","2_147","2_185","F",3
"3_51","2_147","2_185","M",3
"3_52","2_147","2_185","F",3
"3_53","2_111","2_200","F",3
"3_54","2_111","2_200","M",3
"3_55","2_111","2_200","F",3
"3_56","2_111","2_200","F",3
"3_57","2_155","2_69","M",3
"3_58","2_155","2_69","F",3
"3_59","2_155","2_69","M",3
"3_60","2_155","2_69","F",3
"3_61","2_124","2_55","F",3
"3_62","2_124","2_55","F",3
"3_63","2_124","2_55","F",3
"3_64","2_124","2_55","M",3
"3_65","2_7","1_83","M",3
"3_66","2_7","1_83","M",3
"3_67","2_7","1_83","M",3
"3_68","2_7","1_83","F",3
"3_69","2_76","0_66","F",3
"3_70","2_76","0_66","F",3
"3_71","2_76","0_66","M",3
"3_72","2_76","0_66","F",3
"3_73","2_60","1_112","M",3
"3_74","2_60","1_112","M",3
"3_75","2_60","1_112","M",3
"3_76","2_60","1_112","F",3
"3_77","2_139","1_100","M",3
"3_78","2_139","1_100","M",3
"3_79","2_139","1_100","M",3
"3_80","2_139","1_100","M",3
"3_81","2_199","0_46","M",3
"3_82","2_199","0_46","F",3
"3_83","2_199","0_46","M",3
"3_84","2_199","0_46","F",3
"3_85","2_9","1_33","F",3
"3_86","2_9","1_33","F",3
"3_87","2_9","1_33","F",3
"3_88","2_9","1_33","M",3
"3_89","2_198","2_143","F",3
"3_90","2_198","2_143","F",3
"3_91","2_198","2_143","F",3
"3_92","2_198","2_143","F",3
"3_93","2_28","2_137","M",3
"3_94","2_28","2_137","F",3
"3_95","2_28","2_137","M",3
"3_96","2_28","2_137","F",3
"3_97","2_96","1_24","F",3
"3_98","2_96","1_24","F",3
"3_99","2_96","1_24","F",3
"3_100","2_96","1_24","F",3
"3_101","0_41","0_42","M",3
"3_102","0_41","0_42","M",3
"3_103","0_41","0_42","M",3
"3_104","0_41","0_42","F",3
"3_105","0_87","2_117","M",3
"3_106","0_87","2_117","F",3
"3_107","0_87","2_117","F",3
"3_108","0_87","2_117","F",3
"3_109","0_79","1_176","M",3
"3_110","0_79","1_176","M",3
"3_111","0_79","1_176","F",3
"3_112","0_79","1_176","F",3
"3_113","1_11","0_10","F",3
"3_114","1_11","0_10","M",3
"3_115","1_11","0_10","F",3
"3_116","1_11","0_10","M",3
"3_117","0_53","2_90","F",3
"3_118","0_53","2_90","F",3
"3_119","0_53","2_90","M",3
"3_120","0_53","2_90","F",3
"3_121","1_62","2_27","F",3
"3_122","1_62","2_27","F",3
"3_123","1_62","2_27","M",3
"3_124","1_62","2_27","M",3
"3_125","0_55","0_22","F",3
"3_126","0_55","0_22","M",3
"3_127","0_55","0_22","F",3
"3_128","0_55","0_22","F",3
"3_129","0_65","2_150","F",3
"3_130","0_65","2_150","M",3
"3_131","0_65","2_150","M",3
"3_132","0_65","2_150","M",3
"3_133","1_101","0_38","F",3
"3_134","1_101","0_38","F",3
"3_135","1_101","0_38","M",3
"3_136","1_101","0_38","M",3
"3_137","0_45","2_188","F",3
"3_138","0_45","2_188","M",3
"3_139","0_45","2_188","M",3
"3_140","0_45","2_188","M",3
"3_141","0_89","2_83","M",3
"3_142","0_89","2_83","F",3
"3_143","0_89","2_83","M",3
"3_144","0_89","2_83","F",3
"3_145","1_119","2_1","F",3
"3_146","1_119","2_1","M",3
"3_147","1_119","2_1","M",3
"3_148","1_119","2_1","M",3
"3_149","0_27","2_46","F",3
"3_150","0_27","2_46","M",3
"3_151","0_27","2_46","M",3
"3_152","0_27","2_46","F",3
"3_153","0_15","0_34","F",3
"3_154","0_15","0_34","M",3
"3_155","0_15","0_34","M",3
"3_156","0_15","0_34","F",3
"3_157","0_23","2_89","M",3
"3_158","0_23","2_89","F",3
"3_159","0_23","2_89","F",3
"3_160","0_23","2_89","F",3
"3_161","1_27","0_68","F",3
"3_162","1_27","0_68","M",3
"3_163","1_27","0_68","M",3
"3_164","1_27","0_68","M",3
"3_165","1_138","1_13","F",3
"3_166","1_138","1_13","M",3
"3_167","1_138","1_13","M",3
"3_168","1_138","1_13","M",3
"3_169","0_3","2_183","M",3
"3_170","0_3","2_183","M",3
"3_171","0_3","2_183","M",3
"3_172","0_3","2_183","F",3
"3_173","1_174","0_94","M",3
"3_174","1_174","0_94","M",3
"3_175","1_174","0_94","F",3
"3_176","1_174","0_94","F",3
"3_177","0_33","1_91","F",3
"3_178","0_33","1_91","M",3
"3_179","0_33","1_91","F",3
"3_180","0_33","1_91","F",3
"3_181","1_72","1_40","F",3
"3_182","1_72","1_40","F",3
"3_183","1_72","1_40","F",3
"3_184","1_72","1_40","F",3
"3_185","1_169","1_160","M",3
"3_186","1_169","1_160","F",3
"3_187","1_169","1_160","M",3
"3_188","1_169","1_160","F",3
"3_189","1_168","0_86","F",3
"3_190","1_168","0_86","M",3
"3_191","1_168","0_86","M",3
"3_192","1_168","0_86","M",3
"3_193","0_37","0_32","M",3
"3_194","0_37","0_32","M",3
"3_195","0_37","0_32","F",3
"3_196","0_37","0_32","M",3
"3_197","0_95","2_29","M",3
"3_198","0_95","2_29","F",3
"3_199","0_95","2_29","F",3
"3_200","0_95","2_29","M",3
"4_1","3_137","1_64","F",4
"4_2","3_137","1_64","F",4
"4_3","3_137","1_64","M",4
"4_4","3_137","1_64","F",4
"4_5","3_2","3_150","M",4
"4_6","3_2","3_150","F",4
"4_7","3_2","3_150","F",4
"4_8","3_2","3_150","F",4
"4_9","3_68","0_34","F",4
"4_10","3_68","0_34","M",4
"4_11","3_68","0_34","M",4
"4_12","3_68","0_34","F",4
"4_13","3_108","3_147","M",4
"4_14","3_108","3_147","M",4
"4_15","3_108","3_147","M",4
"4_16","3_108","3_147","M",4
"4_17","3_38","2_143","F",4
"4_18","3_38","2_143","F",4
"4_19","3_38","2_143","M",4
"4_20","3_38","2_143","F",4
"4_21","3_117","2_150","M",4
"4_22","3_117","2_150","M",4
"4_23","3_117","2_150","M",4
"4_24","3_117","2_150","F",4
"4_25","3_32","0_38","F",4
"4_26","3_32","0_38","F",4
"4_27","3_32","0_38","M",4
"4_28","3_32","0_38","F",4
"4_29","3_160","3_105","M",4
"4_30","3_160","3_105","F",4
"4_31","3_160","3_105","F",4
"4_32","3_160","3_105","F",4
"4_33","3_52","1_83","M",4
"4_34","3_52","1_83","F",4
"4_35","3_52","1_83","F",4
"4_36","3_52","1_83","M",4
"4_37","3_188","3_141","F",4
"4_38","3_188","3_141","F",4
"4_39","3_188","3_141","F",4
"4_40","3_188","3_141","M",4
"4_41","3_144","1_100","F",4
"4_42","3_144","1_100","M",4
"4_43","3_144","1_100","F",4
"4_44","3_144","1_100","F",4
"4_45","3_36","3_29","F",4
"4_46","3_36","3_29","F",4
"4_47","3_36","3_29","F",4
"4_48","3_36","3_29","F",4
"4_49","3_133","0_22","M",4
"4_50","3_133","0_22","F",4
"4_51","3_133","0_22","F",4
"4_52","3_133","0_22","M",4
"4_53","3_179","3_79","M",4
"4_54","3_179","3_79","F",4
"4_55","3_179","3_79","M",4
"4_56","3_179","3_79","F",4
"4_57","3_96","3_64","F",4
"4_58","3_96","3_64","F",4
"4_59","3_96","3_64","M",4
"4_60","3_96","3_64","M",4
"4_61","3_43","3_77","M",4
"4_62","3_43","3_77","M",4
"4_63","3_43","3_77","M",4
"4_64","3_43","3_77","M",4
"4_65","3_4","2_200","M",4
"4_66","3_4","2_200","M",4
"4_67","3_4","2_200","M",4
"4_68","3_4","2_200","M",4
"4_69","3_176","3_33","F",4
"4_70","3_176","3_33","M",4
"4_71","3_176","3_33","M",4
"4_72","3_176","3_33","M",4
"4_73","3_122","1_176","F",4
"4_74","3_122","1_176","F",4
"4_75","3_122","1_176","M",4
"4_76","3_122","1_176","M",4
"4_77","3_89","0_32","M",4
"4_78","3_89","0_32","M",4
"4_79","3_89","0_32","F",4
"4_80","3_89","0_32","M",4
"4_81","3_76","3_14","F",4
"4_82","3_76","3_14","F",4
"4_83","3_76","3_14","M",4
"4_84","3_76","3_14","M",4
"4_85","3_127","2_192","M",4
"4_86","3_127","2_192","F",4
"4_87","3_127","2_192","F",4
"4_88","3_127","2_192","M",4
"4_89","3_181","2_46","F",4
"4_90","3_181","2_46","F",4
"4_91","3_181","2_46","M",4
"4_92","3_181","2_46","M",4
"4_93","3_18","0_68","F",4
"4_94","3_18","0_68","M",4
"4_95","3_18","0_68","F",4
"4_96","3_18","0_68","F",4
"4_97","3_184","2_1","M",4
"4_98","3_184","2_1","M",4
"4_99","3_184","2_1","F",4
"4_100","3_184","2_1","M",4
"4_101","2_169","1_13","F",4
"4_102","2_169","1_13","M",4
"4_103","2_169","1_13","M",4
"4_104","2_169","1_13","F",4
"4_105","1_72","3_46","M",4
"4_106","1_72","3_46","M",4
"4_107","1_72","3_46","F",4
"4_108","1_72","3_46","M",4
"4_109","2_155","0_66","M",4
"4_110","2_155","0_66","F",4
"4_111","2_155","0_66","M",4
"4_112","2_155","0_66","F",4
"4_113","2_153","3_102","M",4
"4_114","2_153","3_102","F",4
"4_115","2_153","3_102","M",4
"4_116","2_153","3_102","F",4
"4_117","2_6","3_173","M",4
"4_118","2_6","3_173","M",4
"4_119","2_6","3_173","M",4
"4_120","2_6","3_173","F",4
"4_121","2_170","2_89","F",4
"4_122","2_170","2_89","M",4
"4_123","2_170","2_89","F",4
"4_124","2_170","2_89","F",4
"4_125","2_76","3_130","F",4
"4_126","2_76","3_130","M",4
"4_127","2_76","3_130","F",4
"4_128","2_76","3_130","F",4
"4_129","2_168","2_137","M",4
"4_130","2_168","2_137","F",4
"4_131","2_168","2_137","F",4
"4_132","2_168","2_137","M",4
"4_133","1_11","3_119","M",4
"4_134","1_11","3_119","F",4
"4_135","1_11","3_119","F",4
"4_136","1_11","3_119","F",4
"4_137","0_41","3_71","M",4
"4_138","0_41","3_71","F",4
"4_139","0_41","3_71","F",4
"4_140","0_41","3_71","F",4
"4_141","0_45","2_117","M",4
"4_142","0_45","2_117","M",4
"4_143","0_45","2_117","F",4
"4_144","0_45","2_117","F",4
"4_145","1_27","3_95","F",4
"4_146","1_27","3_95","M",4
"4_147","1_27","3_95","M",4
"4_148","1_27","3_95","M",4
"4_149","0_87","0_46","M",4
"4_150","0_87","0_46","M",4
"4_151","0_87","0_46","M",4
"4_152","0_87","0_46","F",4
"4_153","2_88","3_146","M",4
"4_154","2_88","3_146","F",4
"4_155","2_88","3_146","M",4
"4_156","2_88","3_146","F",4
"4_157","2_147","0_62","F",4
"4_158","2_147","0_62","M",4
"4_159","2_147","0_62","F",4
"4_160","2_147","0_62","M",4
"4_161","0_95","1_33","M",4
"4_162","0_95","1_33","M",4
"4_163","0_95","1_33","F",4
"4_164","0_95","1_33","M",4
"4_165","1_174","3_48","F",4
"4_166","1_174","3_48","F",4
"4_167","1_174","3_48","M",4
"4_168","1_174","3_48","F",4
"4_169","0_89","3_187","M",4
"4_170","0_89","3_187","M",4
"4_171","0_89","3_187","M",4
"4_172","0_89","3_187","M",4
"4_173","0_37","3_168","F",4
"4_174","0_37","3_168","M",4
"4_175","0_37","3_168","F",4
"4_176","0_37","3_168","M",4
"4_177","0_3","3_170","M",4
"4_178","0_3","3_170","F",4
"4_179","0_3","3_170","M",4
"4_180","0_3","3_170","F",4
"4_181","2_198","3_135","F",4
"4_182","2_198","3_135","F",4
"4_183","2_198","3_135","M",4
"4_184","2_198","3_135","M",4
"4_185","0_53","3_200","F",4
"4_186","0_53","3_200","M",4
"4_187","0_53","3_200","F",4
"4_188","0_53","3_200","F",4
"4_189","1_168","3_123","M",4
"4_190","1_168","3_123","F",4
"4_191","1_168","3_123","M",4
"4_192","1_168","3_123","M",4
"4_193","2_111","0_94","F",4
"4_194","2_111","0_94","M",4
"4_195","2_111","0_94","F",4
"4_196","2_111","0_94","F",4
"4_197","2_172","2_55","F",4
"4_198","2_172","2_55","F",4
"4_199","2_172","2_55","M",4
"4_200","2_172","2_55","F",4
"5_1","4_79","3_48","F",5
"5_2","4_79","3_48","M",5
"5_3","4_79","3_48","M",5
"5_4","4_79","3_48","M",5
"5_5","4_1","4_119","M",5
"5_6","4_1","4_119","M",5
"5_7","4_1","4_119","F",5
"5_8","4_1","4_119","F",5
"5_9","4_34","1_176","M",5
"5_10","4_34","1_176","M",5
"5_11","4_34","1_176","M",5
"5_12","4_34","1_176","F",5
"5_13","4_82","4_33","M",5
"5_14","4_82","4_33","F",5
"5_15","4_82","4_33","M",5
"5_16","4_82","4_33","F",5
"5_17","4_196","2_55","F",5
"5_18","4_196","2_55","F",5
"5_19","4_196","2_55","F",5
"5_20","4_196","2_55","M",5
"5_21","4_165","4_142","M",5
"5_22","4_165","4_142","M",5
"5_23","4_165","4_142","F",5
"5_24","4_165","4_142","M",5
"5_25","4_18","0_22","M",5
"5_26","4_18","0_22","F",5
"5_27","4_18","0_22","F",5
"5_28","4_18","0_22","M",5
"5_29","4_159","4_75","M",5
"5_30","4_159","4_75","F",5
"5_31","4_159","4_75","F",5
"5_32","4_159","4_75","F",5
"5_33","4_131","3_29","M",5
"5_34","4_131","3_29","F",5
"5_35","4_131","3_29","M",5
"5_36","4_131","3_29","M",5
"5_37","4_114","4_147","F",5
"5_38","4_114","4_147","M",5
"5_39","4_114","4_147","F",5
"5_40","4_114","4_147","M",5
"5_41","4_120","4_53","M",5
"5_42","4_120","4_53","F",5
"5_43","4_120","4_53","F",5
"5_44","4_120","4_53","M",5
"5_45","4_110","3_135","M",5
"5_46","4_110","3_135","F",5
"5_47","4_110","3_135","M",5
"5_48","4_110","3_135","F",5
"5_49","4_39","3_102","M",5
"5_50","4_39","3_102","M",5
"5_51","4_39","3_102","F",5
"5_52","4_39","3_102","M",5
"5_53","4_124","3_79","M",5
"5_54","4_124","3_79","M",5
"5_55","4_124","3_79","M",5
"5_56","4_124","3_79","M",5
"5_57","4_96","1_33","F",5
"5_58","4_96","1_33","M",5
"5_59","4_96","1_33","M",5
"5_60","4_96","1_33","F",5
"5_61","4_104","2_150","M",5
"5_62","4_104","2_150","M",5
"5_63","4_104","2_150","M",5
"5_64","4_104","2_150","F",5
"5_65","4_180","1_100","F",5
"5_66","4_180","1_100","F",5
"5_67","4_180","1_100","F",5
"5_68","4_180","1_100","F",5
"5_69","4_69","3_130","F",5
"5_70","4_69","3_130","M",5
"5_71","4_69","3_130","M",5
"5_72","4_69","3_130","M",5
"5_73","4_86","3_200","F",5
"5_74","4_86","3_200","F",5
"5_75","4_86","3_200","M",5
"5_76","4_86","3_200","M",5
"5_77","4_51","4_150","F",5
"5_78","4_51","4_150","F",5
"5_79","4_51","4_150","M",5
"5_80","4_51","4_150","F",5
"5_81","4_54","3_141","M",5
"5_82","4_54","3_141","M",5
"5_83","4_54","3_141","M",5
"5_84","4_54","3_141","M",5
"5_85","4_8","0_34","F",5
"5_86","4_8","0_34","F",5
"5_87","4_8","0_34","F",5
"5_88","4_8","0_34","M",5
"5_89","4_181","4_29","F",5
"5_90","4_181","4_29","M",5
"5_91","4_181","4_29","M",5
"5_92","4_181","4_29","M",5
"5_93","4_175","2_89","F",5
"5_94","4_175","2_89","F",5
"5_95","4_175","2_89","M",5
"5_96","4_175","2_89","M",5
"5_97","4_127","4_27","M",5
"5_98","4_127","4_27","F",5
"5_99","4_127","4_27","F",5
"5_100","4_127","4_27","F",5
"5_101","3_176","4_55","F",5
"5_102","3_176","4_55","M",5
"5_103","3_176","4_55","F",5
"5_104","3_176","4_55","M",5
"5_105","2_172","3_46","M",5
"5_106","2_172","3_46","M",5
"5_107","2_172","3_46","F",5
"5_108","2_172","3_46","F",5
"5_109","1_168","4_115","M",5
"5_110","1_168","4_115","F",5
"5_111","1_168","4_115","F",5
"5_112","1_168","4_115","M",5
"5_113","3_144","4_177","F",5
"5_114","3_144","4_177","F",5
"5_115","3_144","4_177","M",5
"5_116","3_144","4_177","M",5
"5_117","1_72","0_46","M",5
"5_118","1_72","0_46","F",5
"5_119","1_72","0_46","F",5
"5_120","1_72","0_46","F",5
"5_121","3_181","4_22","M",5
"5_122","3_181","4_22","F",5
"5_123","3_181","4_22","M",5
"5_124","3_181","4_22","M",5
"5_125","3_18","3_77","F",5
"5_126","3_18","3_77","M",5
"5_127","3_18","3_77","F",5
"5_128","3_18","3_77","M",5
"5_129","3_76","4_65","F",5
"5_130","3_76","4_65","F",5
"5_131","3_76","4_65","M",5
"5_132","3_76","4_65","F",5
"5_133","2_168","4_111","F",5
"5_134","2_168","4_111","F",5
"5_135","2_168","4_111","F",5
"5_136","2_168","4_111","M",5
"5_137","1_11","4_62","F",5
"5_138","1_11","4_62","M",5
"5_139","1_11","4_62","M",5
"5_140","1_11","4_62","F",5
"5_141","2_147","3_95","F",5
"5_142","2_147","3_95","F",5
"5_143","2_147","3_95","F",5
"5_144","2_147","3_95","M",5
"5_145","3_188","3_168","F",5
"5_146","3_188","3_168","F",5
"5_147","3_188","3_168","M",5
"5_148","3_188","3_168","F",5
"5_149","1_27","4_161","M",5
"5_150","1_27","4_161","M",5
"5_151","1_27","4_161","F",5
"5_152","1_27","4_161","F",5
"5_153","0_45","3_147","M",5
"5_154","0_45","3_147","F",5
"5_155","0_45","3_147","M",5
"5_156","0_45","3_147","M",5
"5_157","3_184","4_14","M",5
"5_158","3_184","4_14","F",5
"5_159","3_184","4_14","M",5
"5_160","3_184","4_14","F",5
"5_161","3_108","2_192","M",5
"5_162","3_108","2_192","M",5
"5_163","3_108","2_192","F",5
"5_164","3_108","2_192","M",5
"5_165","0_41","4_42","F",5
"5_166","0_41","4_42","F",5
"5_167","0_41","4_42","F",5
"5_168","0_41","4_42","F",5
"5_169","3_38","4_162","F",5
"5_170","3_38","4_162","M",5
"5_171","3_38","4_162","M",5
"5_172","3_38","4_162","M",5
"5_173","3_96","4_72","F",5
"5_174","3_96","4_72","M",5
"5_175","3_96","4_72","M",5
"5_176","3_96","4_72","F",5
"5_177","3_122","3_71","F",5
"5_178","3_122","3_71","F",5
"5_179","3_122","3_71","F",5
"5_180","3_122","3_71","M",5
"5_181","2_170","4_132","M",5
"5_182","2_170","4_132","F",5
"5_183","2_170","4_132","M",5
"5_184","2_170","4_132","F",5
"5_185","3_2","2_200","F",5
"5_186","3_2","2_200","M",5
"5_187","3_2","2_200","F",5
"5_188","3_2","2_200","M",5
"5_189","0_37","4_80","F",5
"5_190","0_37","4_80","F",5
"5_191","0_37","4_80","F",5
"5_192","0_37","4_80","M",5
"5_193","0_87","4_171","F",5
"5_194","0_87","4_171","F",5
"5_195","0_87","4_171","M",5
"5_196","0_87","4_171","F",5
"5_197","3_32","4_186","M",5
"5_198","3_32","4_186","M",5
"5_199","3_32","4_186","M",5
"5_200","3_32","4_186","F",5
"6_1","5_19","5_35","F",6
"6_2","5_19","5_35","M",6
"6_3","5_19","5_35","M",6
"6_4","5_19","5_35","M",6
"6_5","5_110","2_192","F",6
"6_6","5_110","2_192","F",6
"6_7","5_110","2_192","M",6
"6_8","5_110","2_192","F",6
"6_9","5_169","4_111","F",6
"6_10","5_169","4_111","M",6
"6_11","5_169","4_111","M",6
"6_12","5_169","4_111","F",6
"6_13","5_69","5_155","M",6
"6_14","5_69","5_155","F",6
"6_15","5_69","5_155","F",6
"6_16","5_69","5_155","M",6
"6_17","5_141","5_40","F",6
"6_18","5_141","5_40","F",6
"6_19","5_141","5_40","F",6
"6_20","5_141","5_40","M",6
"6_21","5_176","4_14","F",6
"6_22","5_176","4_14","F",6
"6_23","5_176","4_14","F",6
"6_24","5_176","4_14","F",6
"6_25","5_165","4_119","M",6
"6_26","5_165","4_119","F",6
"6_27","5_165","4_119","M",6
"6_28","5_165","4_119","M",6
"6_29","5_42","2_200","M",6
"6_30","5_42","2_200","M",6
"6_31","5_42","2_200","M",6
"6_32","5_42","2_200","M",6
"6_33","5_163","1_100","F",6
"6_34","5_163","1_100","M",6
"6_35","5_163","1_100","F",6
"6_36","5_163","1_100","M",6
"6_37","5_32","3_135","M",6
"6_38","5_32","3_135","F",6
"6_39","5_32","3_135","M",6
"6_40","5_32","3_135","M",6
"6_41","5_158","5_84","F",6
"6_42","5_158","5_84","F",6
"6_43","5_158","5_84","M",6
"6_44","5_158","5_84","F",6
"6_45","5_184","5_149","M",6
"6_46","5_184","5_149","M",6
"6_47","5_184","5_149","F",6
"6_48","5_184","5_149","M",6
"6_49","5_46","2_55","F",6
"6_50","5_46","2_55","M",6
"6_51","5_46","2_55","M",6
"6_52","5_46","2_55","F",6
"6_53","5_189","5_22","F",6
"6_54","5_189","5_22","M",6
"6_55","5_189","5_22","M",6
"6_56","5_189","5_22","M",6
"6_57","5_12","5_96","F",6
"6_58","5_12","5_96","M",6
"6_59","5_12","5_96","M",6
"6_60","5_12","5_96","M",6
"6_61","5_148","4_162","F",6
"6_62","5_148","4_162","F",6
"6_63","5_148","4_162","F",6
"6_64","5_148","4_162","M",6
"6_65","5_135","5_115","M",6
"6_66","5_135","5_115","F",6
"6_67","5_135","5_115","M",6
"6_68","5_135","5_115","F",6
"6_69","5_101","3_141","F",6
"6_70","5_101","3_141","M",6
"6_71","5_101","3_141","M",6
"6_72","5_101","3_141","F",6
"6_73","5_78","5_123","M",6
"6_74","5_78","5_123","F",6
"6_75","5_78","5_123","M",6
"6_76","5_78","5_123","M",6
"6_77","5_8","5_56","F",6
"6_78","5_8","5_56","M",6
"6_79","5_8","5_56","M",6
"6_80","5_8","5_56","F",6
"6_81","5_80","5_153","F",6
"6_82","5_80","5_153","M",6
"6_83","5_80","5_153","F",6
"6_84","5_80","5_153","M",6
"6_85","5_196","3_168","F",6
"6_86","5_196","3_168","F",6
"6_87","5_196","3_168","M",6
"6_88","5_196","3_168","F",6
"6_89","5_182","4_115","M",6
"6_90","5_182","4_115","F",6
"6_91","5_182","4_115","M",6
"6_92","5_182","4_115","M",6
"6_93","5_190","5_82","F",6
"6_94","5_190","5_82","M",6
"6_95","5_190","5_82","F",6
"6_96","5_190","5_82","F",6
"6_97","5_152","4_29","M",6
"6_98","5_152","4_29","M",6
"6_99","5_152","4_29","M",6
"6_100","5_152","4_29","M",6
"6_101","4_131","5_181","F",6
"6_102","4_131","5_181","F",6
"6_103","4_131","5_181","F",6
"6_104","4_131","5_181","M",6
"6_105","4_181","5_138","M",6
"6_106","4_181","5_138","F",6
"6_107","4_181","5_138","F",6
"6_108","4_181","5_138","M",6
"6_109","4_82","5_90","M",6
"6_110","4_82","5_90","F",6
"6_111","4_82","5_90","F",6
"6_112","4_82","5_90","M",6
"6_113","4_39","4_186","F",6
"6_114","4_39","4_186","F",6
"6_115","4_39","4_186","F",6
"6_116","4_39","4_186","M",6
"6_117","0_41","3_48","M",6
"6_118","0_41","3_48","F",6
"6_119","0_41","3_48","F",6
"6_120","0_41","3_48","F",6
"6_121","3_176","5_161","M",6
"6_122","3_176","5_161","M",6
"6_123","3_176","5_161","M",6
"6_124","3_176","5_161","M",6
"6_125","3_38","4_80","M",6
"6_126","3_38","4_80","F",6
"6_127","3_38","4_80","F",6
"6_128","3_38","4_80","M",6
"6_129","1_11","5_192","M",6
"6_130","1_11","5_192","M",6
"6_131","1_11","5_192","F",6
"6_132","1_11","5_192","F",6
"6_133","3_184","4_22","F",6
"6_134","3_184","4_22","F",6
"6_135","3_184","4_22","F",6
"6_136","3_184","4_22","M",6
"6_137","3_2","3_79","F",6
"6_138","3_2","3_79","F",6
"6_139","3_2","3_79","F",6
"6_140","3_2","3_79","M",6
"6_141","4_196","4_42","F",6
"6_142","4_196","4_42","M",6
"6_143","4_196","4_42","F",6
"6_144","4_196","4_42","F",6
"6_145","3_76","4_65","F",6
"6_146","3_76","4_65","M",6
"6_147","3_76","4_65","M",6
"6_148","3_76","4_65","M",6
"6_149","1_72","0_46","M",6
"6_150","1_72","0_46","F",6
"6_151","1_72","0_46","M",6
"6_152","1_72","0_46","F",6
"6_153","4_120","5_2","F",6
"6_154","4_120","5_2","M",6
"6_155","4_120","5_2","M",6
"6_156","4_120","5_2","M",6
"6_157","4_124","5_9","F",6
"6_158","4_124","5_9","F",6
"6_159","4_124","5_9","M",6
"6_160","4_124","5_9","M",6
"6_161","4_96","5_159","M",6
"6_162","4_96","5_159","F",6
"6_163","4_96","5_159","F",6
"6_164","4_96","5_159","M",6
"6_165","4_54","5_197","F",6
"6_166","4_54","5_197","F",6
"6_167","4_54","5_197","M",6
"6_168","4_54","5_197","F",6
"6_169","4_110","5_95","M",6
"6_170","4_110","5_95","F",6
"6_171","4_110","5_95","M",6
"6_172","4_110","5_95","F",6
"6_173","3_32","4_150","F",6
"6_174","3_32","4_150","M",6
"6_175","3_32","4_150","F",6
"6_176","3_32","4_150","F",6
"6_177","4_180","5_91","M",6
"6_178","4_180","5_91","M",6
"6_179","4_180","5_91","F",6
"6_180","4_180","5_91","M",6
"6_181","4_165","4_132","M",6
"6_182","4_165","4_132","M",6
"6_183","4_165","4_132","F",6
"6_184","4_165","4_132","F",6
"6_185","4_104","5_63","M",6
"6_186","4_104","5_63","F",6
"6_187","4_104","5_63","F",6
"6_188","4_104","5_63","M",6
"6_189","3_144","3_130","M",6
"6_190","3_144","3_130","F",6
"6_191","3_144","3_130","M",6
"6_192","3_144","3_130","F",6
"6_193","1_27","4_55","M",6
"6_194","1_27","4_55","F",6
"6_195","1_27","4_55","M",6
"6_196","1_27","4_55","M",6
"6_197","4_69","5_156","F",6
"6_198","4_69","5_156","F",6
"6_199","4_69","5_156","F",6
"6_200","4_69","5_156","F",6
"7_1","6_38","5_63","F",7
"7_2","6_38","5_63","F",7
"7_3","6_38","5_63","M",7
"7_4","6_38","5_63","F",7
"7_5","6_126","6_174","M",7
"7_6","6_126","6_174","F",7
"7_7","6_126","6_174","F",7
"7_8","6_126","6_174","F",7
"7_9","6_175","6_39","F",7
"7_10","6_175","6_39","F",7
"7_11","6_175","6_39","M",7
"7_12","6_175","6_39","F",7
"7_13","6_157","6_182","M",7
"7_14","6_157","6_182","F",7
"7_15","6_157","6_182","M",7
"7_16","6_157","6_182","F",7
"7_17","6_63","6_55","M",7
"7_18","6_63","6_55","M",7
"7_19","6_63","6_55","M",7
"7_20","6_63","6_55","F",7
"7_21","6_197","4_22","M",7
"7_22","6_197","4_22","M",7
"7_23","6_197","4_22","M",7
"7_24","6_197","4_22","F",7
"7_25","6_165","5_40","M",7
"7_26","6_165","5_40","F",7
"7_27","6_165","5_40","F",7
"7_28","6_165","5_40","F",7
"7_29","6_198","5_2","M",7
"7_30","6_198","5_2","M",7
"7_31","6_198","5_2","F",7
"7_32","6_198","5_2","M",7
"7_33","6_139","4_150","F",7
"7_34","6_139","4_150","F",7
"7_35","6_139","4_150","M",7
"7_36","6_139","4_150","M",7
"7_37","6_95","6_148","M",7
"7_38","6_95","6_148","M",7
"7_39","6_95","6_148","M",7
"7_40","6_95","6_148","F",7
"7_41","6_74","1_100","M",7
"7_42","6_74","1_100","M",7
"7_43","6_74","1_100","F",7
"7_44","6_74","1_100","F",7
"7_45","6_90","5_84","M",7
"7_46","6_90","5_84","M",7
"7_47","6_90","5_84","M",7
"7_48","6_90","5_84","M",7
"7_49","6_83","4_162","M",7
"7_50","6_83","4_162","M",7
"7_51","6_83","4_162","M",7
"7_52","6_83","4_162","M",7
"7_53","6_17","6_94","F",7
"7_54","6_17","6_94","M",7
"7_55","6_17","6_94","M",7
"7_56","6_17","6_94","M",7
"7_57","6_158","5_138","F",7
"7_58","6_158","5_138","F",7
"7_59","6_158","5_138","M",7
"7_60","6_158","5_138","M",7
"7_61","6_186","6_40","M",7
"7_62","6_186","6_40","M",7
"7_63","6_186","6_40","M",7
"7_64","6_186","6_40","M",7
"7_65","6_184","4_42","F",7
"7_66","6_184","4_42","F",7
"7_67","6_184","4_42","F",7
"7_68","6_184","4_42","M",7
"7_69","6_163","3_130","M",7
"7_70","6_163","3_130","M",7
"7_71","6_163","3_130","M",7
"7_72","6_163","3_130","M",7
"7_73","6_170","0_46","M",7
"7_74","6_170","0_46","F",7
"7_75","6_170","0_46","F",7
"7_76","6_170","0_46","M",7
"7_77","6_26","5_96","F",7
"7_78","6_26","5_96","F",7
"7_79","6_26","5_96","M",7
"7_80","6_26","5_96","F",7
"7_81","6_68","5_197","F",7
"7_82","6_68","5_197","M",7
"7_83","6_68","5_197","F",7
"7_84","6_68","5_197","F",7
"7_85","6_103","6_45","F",7
"7_86","6_103","6_45","F",7
"7_87","6_103","6_45","M",7
"7_88","6_103","6_45","F",7
"7_89","6_1","6_195","M",7
"7_90","6_1","6_195","F",7
"7_91","6_1","6_195","M",7
"7_92","6_1","6_195","M",7
"7_93","6_12","6_16","M",7
"7_94","6_12","6_16","F",7
"7_95","6_12","6_16","M",7
"7_96","6_12","6_16","M",7
"7_97","6_133","6_154","M",7
"7_98","6_133","6_154","M",7
"7_99","6_133","6_154","F",7
"7_100","6_133","6_154","F",7
"7_101","5_169","5_123","F",7
"7_102","5_169","5_123","F",7
"7_103","5_169","5_123","F",7
"7_104","5_169","5_123","F",7
"7_105","3_176","6_89","F",7
"7_106","3_176","6_89","M",7
"7_107","3_176","6_89","F",7
"7_108","3_176","6_89","M",7
"7_109","5_152","6_155","M",7
"7_110","5_152","6_155","M",7
"7_111","5_152","6_155","F",7
"7_112","5_152","6_155","F",7
"7_113","4_39","5_192","F",7
"7_114","4_39","5_192","M",7
"7_115","4_39","5_192","M",7
"7_116","4_39","5_192","F",7
"7_117","4_196","6_97","F",7
"7_118","4_196","6_97","M",7
"7_119","4_196","6_97","M",7
"7_120","4_196","6_97","M",7
"7_121","4_69","6_82","F",7
"7_122","4_69","6_82","F",7
"7_123","4_69","6_82","F",7
"7_124","4_69","6_82","M",7
"7_125","4_82","6_109","F",7
"7_126","4_82","6_109","F",7
"7_127","4_82","6_109","M",7
"7_128","4_82","6_109","F",7
"7_129","3_184","6_169","F",7
"7_130","3_184","6_169","F",7
"7_131","3_184","6_169","M",7
"7_132","3_184","6_169","F",7
"7_133","5_190","4_119","M",7
"7_134","5_190","4_119","F",7
"7_135","5_190","4_119","F",7
"7_136","5_190","4_119","F",7
"7_137","5_163","6_104","M",7
"7_138","5_163","6_104","F",7
"7_139","5_163","6_104","M",7
"7_140","5_163","6_104","M",7
"7_141","3_38","6_37","M",7
"7_142","3_38","6_37","F",7
"7_143","3_38","6_37","M",7
"7_144","3_38","6_37","F",7
"7_145","3_144","6_25","F",7
"7_146","3_144","6_25","F",7
"7_147","3_144","6_25","F",7
"7_148","3_144","6_25","M",7
"7_149","5_12","6_191","F",7
"7_150","5_12","6_191","F",7
"7_151","5_12","6_191","M",7
"7_152","5_12","6_191","F",7
"7_153","5_182","4_132","M",7
"7_154","5_182","4_132","F",7
"7_155","5_182","4_132","F",7
"7_156","5_182","4_132","M",7
"7_157","3_76","6_54","F",7
"7_158","3_76","6_54","F",7
"7_159","3_76","6_54","F",7
"7_160","3_76","6_54","M",7
"7_161","4_54","4_186","F",7
"7_162","4_54","4_186","M",7
"7_163","4_54","4_186","F",7
"7_164","4_54","4_186","F",7
"7_165","5_80","6_128","M",7
"7_166","5_80","6_128","M",7
"7_167","5_80","6_128","F",7
"7_168","5_80","6_128","M",7
"7_169","5_176","5_153","F",7
"7_170","5_176","5_153","F",7
"7_171","5_176","5_153","F",7
"7_172","5_176","5_153","M",7
"7_173","5_189","6_151","M",7
"7_174","5_189","6_151","M",7
"7_175","5_189","6_151","F",7
"7_176","5_189","6_151","F",7
"7_177","5_158","5_159","M",7
"7_178","5_158","5_159","M",7
"7_179","5_158","5_159","F",7
"7_180","5_158","5_159","F",7
"7_181","5_32","4_111","F",7
"7_182","5_32","4_111","M",7
"7_183","5_32","4_111","M",7
"7_184","5_32","4_111","M",7
"7_185","4_96","5_161","M",7
"7_186","4_96","5_161","F",7
"7_187","4_96","5_161","F",7
"7_188","4_96","5_161","F",7
"7_189","3_32","5_156","F",7
"7_190","3_32","5_156","M",7
"7_191","3_32","5_156","F",7
"7_192","3_32","5_156","F",7
"7_193","5_165","3_168","M",7
"7_194","5_165","3_168","M",7
"7_195","5_165","3_168","M",7
"7_196","5_165","3_168","M",7
"7_197","4_131","6_129","F",7
"7_198","4_131","6_129","M",7
"7_199","4_131","6_129","M",7
"7_200","4_131","6_129","F",7
"8_1","7_16","7_195","M",8
"8_2","7_16","7_195","M",8
"8_3","7_16","7_195","M",8
"8_4","7_16","7_195","F",8
"8_5","7_2","7_193","M",8
"8_6","7_2","7_193","F",8
"8_7","7_2","7_193","F",8
"8_8","7_2","7_193","F",8
"8_9","7_33","4_42","M",8
"8_10","7_33","4_42","F",8
"8_11","7_33","4_42","M",8
"8_12","7_33","4_42","M",8
"8_13","7_125","6_154","F",8
"8_14","7_125","6_154","M",8
"8_15","7_125","6_154","F",8
"8_16","7_125","6_154","F",8
"8_17","7_67","6_129","M",8
"8_18","7_67","6_129","M",8
"8_19","7_67","6_129","M",8
"8_20","7_67","6_129","M",8
"8_21","7_197","4_119","M",8
"8_22","7_197","4_119","F",8
"8_23","7_197","4_119","M",8
"8_24","7_197","4_119","F",8
"8_25","7_101","6_54","M",8
"8_26","7_101","6_54","M",8
"8_27","7_101","6_54","F",8
"8_28","7_101","6_54","M",8
"8_29","7_146","6_25","F",8
"8_30","7_146","6_25","F",8
"8_31","7_146","6_25","M",8
"8_32","7_146","6_25","F",8
"8_33","7_10","7_184","F",8
"8_34","7_10","7_184","M",8
"8_35","7_10","7_184","F",8
"8_36","7_10","7_184","M",8
"8_37","7_103","7_46","M",8
"8_38","7_103","7_46","M",8
"8_39","7_103","7_46","F",8
"8_40","7_103","7_46","F",8
"8_41","7_154","4_186","M",8
"8_42","7_154","4_186","M",8
"8_43","7_154","4_186","F",8
"8_44","7_154","4_186","M",8
"8_45","7_78","6_195","M",8
"8_46","7_78","6_195","M",8
"8_47","7_78","6_195","M",8
"8_48","7_78","6_195","M",8
"8_49","7_187","6_155","M",8
"8_50","7_187","6_155","M",8
"8_51","7_187","6_155","M",8
"8_52","7_187","6_155","M",8
"8_53","7_31","4_111","F",8
"8_54","7_31","4_111","F",8
"8_55","7_31","4_111","M",8
"8_56","7_31","4_111","F",8
"8_57","7_94","7_37","M",8
"8_58","7_94","7_37","M",8
"8_59","7_94","7_37","M",8
"8_60","7_94","7_37","F",8
"8_61","7_117","6_97","F",8
"8_62","7_117","6_97","F",8
"8_63","7_117","6_97","F",8
"8_64","7_117","6_97","M",8
"8_65","7_191","6_169","F",8
"8_66","7_191","6_169","F",8
"8_67","7_191","6_169","M",8
"8_68","7_191","6_169","M",8
"8_69","7_105","7_48","F",8
"8_70","7_105","7_48","M",8
"8_71","7_105","7_48","F",8
"8_72","7_105","7_48","F",8
"8_73","7_20","7_62","F",8
"8_74","7_20","7_62","M",8
"8_75","7_20","7_62","F",8
"8_76","7_20","7_62","F",8
"8_77","7_136","7_68","M",8
"8_78","7_136","7_68","F",8
"8_79","7_136","7_68","M",8
"8_80","7_136","7_68","F",8
"8_81","7_58","7_96","F",8
"8_82","7_58","7_96","F",8
"8_83","7_58","7_96","M",8
"8_84","7_58","7_96","M",8
"8_85","7_128","7_39","F",8
"8_86","7_128","7_39","F",8
"8_87","7_128","7_39","F",8
"8_88","7_128","7_39","F",8
"8_89","7_44","7_32","F",8
"8_90","7_44","7_32","F",8
"8_91","7_44","7_32","F",8
"8_92","7_44","7_32","M",8
"8_93","7_130","7_73","F",8
"8_94","7_130","7_73","F",8
"8_95","7_130","7_73","M",8
"8_96","7_130","7_73","M",8
"8_97","7_27","5_96","F",8
"8_98","7_27","5_96","F",8
"8_99","7_27","5_96","M",8
"8_100","7_27","5_96","F",8
"8_101","6_95","7_199","M",8
"8_102","6_95","7_199","M",8
"8_103","6_95","7_199","M",8
"8_104","6_95","7_199","F",8
"8_105","5_32","7_21","M",8
"8_106","5_32","7_21","M",8
"8_107","5_32","7_21","M",8
"8_108","5_32","7_21","F",8
"8_109","3_144","7_153","F",8
"8_110","3_144","7_153","F",8
"8_111","3_144","7_153","F",8
"8_112","3_144","7_153","M",8
"8_113","4_54","5_159","F",8
"8_114","4_54","5_159","M",8
"8_115","4_54","5_159","F",8
"8_116","4_54","5_159","M",8
"8_117","6_17","5_138","F",8
"8_118","6_17","5_138","F",8
"8_119","6_17","5_138","F",8
"8_120","6_17","5_138","M",8
"8_121","4_39","6_182","F",8
"8_122","4_39","6_182","M",8
"8_123","4_39","6_182","M",8
"8_124","4_39","6_182","F",8
"8_125","6_74","7_168","M",8
"8_126","6_74","7_168","F",8
"8_127","6_74","7_168","F",8
"8_128","6_74","7_168","M",8
"8_129","6_133","6_128","F",8
"8_130","6_133","6_128","F",8
"8_131","6_133","6_128","M",8
"8_132","6_133","6_128","M",8
"8_133","6_184","7_114","F",8
"8_134","6_184","7_114","M",8
"8_135","6_184","7_114","M",8
"8_136","6_184","7_114","F",8
"8_137","6_83","5_156","F",8
"8_138","6_83","5_156","F",8
"8_139","6_83","5_156","F",8
"8_140","6_83","5_156","M",8
"8_141","6_163","7_160","F",8
"8_142","6_163","7_160","F",8
"8_143","6_163","7_160","M",8
"8_144","6_163","7_160","M",8
"8_145","6_12","6_174","M",8
"8_146","6_12","6_174","F",8
"8_147","6_12","6_174","F",8
"8_148","6_12","6_174","F",8
"8_149","5_152","6_37","F",8
"8_150","5_152","6_37","M",8
"8_151","5_152","6_37","M",8
"8_152","5_152","6_37","M",8
"8_153","5_182","7_172","F",8
"8_154","5_182","7_172","F",8
"8_155","5_182","7_172","F",8
"8_156","5_182","7_172","M",8
"8_157","5_80","7_76","F",8
"8_158","5_80","7_76","F",8
"8_159","5_80","7_76","F",8
"8_160","5_80","7_76","M",8
"8_161","6_165","0_46","F",8
"8_162","6_165","0_46","M",8
"8_163","6_165","0_46","F",8
"8_164","6_165","0_46","F",8
"8_165","3_32","5_123","M",8
"8_166","3_32","5_123","M",8
"8_167","3_32","5_123","M",8
"8_168","3_32","5_123","F",8
"8_169","3_176","7_29","M",8
"8_170","3_176","7_29","F",8
"8_171","3_176","7_29","M",8
"8_172","3_176","7_29","M",8
"8_173","6_126","6_94","F",8
"8_174","6_126","6_94","M",8
"8_175","6_126","6_94","M",8
"8_176","6_126","6_94","M",8
"8_177","6_170","7_93","F",8
"8_178","6_170","7_93","M",8
"8_179","6_170","7_93","F",8
"8_180","6_170","7_93","M",8
"8_181","6_139","6_16","F",8
"8_182","6_139","6_16","F",8
"8_183","6_139","6_16","M",8
"8_184","6_139","6_16","F",8
"8_185","3_76","5_63","M",8
"8_186","3_76","5_63","M",8
"8_187","3_76","5_63","M",8
"8_188","3_76","5_63","F",8
"8_189","6_198","7_156","F",8
"8_190","6_198","7_156","F",8
"8_191","6_198","7_156","M",8
"8_192","6_198","7_156","M",8
"8_193","6_158","7_148","F",8
"8_194","6_158","7_148","M",8
"8_195","6_158","7_148","F",8
"8_196","6_158","7_148","M",8
"8_197","5_169","7_196","M",8
"8_198","5_169","7_196","M",8
"8_199","5_169","7_196","F",8
"8_200","5_169","7_196","M",8
"9_1","8_90","7_196","M",9
"9_2","8_90","7_196","F",9
"9_3","8_90","7_196","M",9
"9_4","8_90","7_196","F",9
"9_5","8_133","8_18","F",9
"9_6","8_133","8_18","M",9
"9_7","8_133","8_18","F",9
"9_8","8_133","8_18","M",9
"9_9","8_81","6_155","F",9
"9_10","8_81","6_155","M",9
"9_11","8_81","6_155","F",9
"9_12","8_81","6_155","F",9
"9_13","8_182","6_195","M",9
"9_14","8_182","6_195","F",9
"9_15","8_182","6_195","F",9
"9_16","8_182","6_195","M",9
"9_17","8_108","8_83","M",9
"9_18","8_108","8_83","F",9
"9_19","8_108","8_83","M",9
"9_20","8_108","8_83","M",9
"9_21","8_181","7_62","F",9
"9_22","8_181","7_62","M",9
"9_23","8_181","7_62","F",9
"9_24","8_181","7_62","F",9
"9_25","8_29","8_186","M",9
"9_26","8_29","8_186","F",9
"9_27","8_29","8_186","F",9
"9_28","8_29","8_186","F",9
"9_29","8_129","8_144","F",9
"9_30","8_129","8_144","F",9
"9_31","8_129","8_144","F",9
"9_32","8_129","8_144","M",9
"9_33","8_148","7_37","M",9
"9_34","8_148","7_37","F",9
"9_35","8_148","7_37","F",9
"9_36","8_148","7_37","M",9
"9_37","8_189","8_152","M",9
"9_38","8_189","8_152","M",9
"9_39","8_189","8_152","M",9
"9_40","8_189","8_152","F",9
"9_41","8_88","8_28","F",9
"9_42","8_88","8_28","F",9
"9_43","8_88","8_28","M",9
"9_44","8_88","8_28","F",9
"9_45","8_199","6_94","M",9
"9_46","8_199","6_94","F",9
"9_47","8_199","6_94","F",9
"9_48","8_199","6_94","F",9
"9_49","8_87","8_125","M",9
"9_50","8_87","8_125","F",9
"9_51","8_87","8_125","M",9
"9_52","8_87","8_125","M",9
"9_53","8_86","8_68","M",9
"9_54","8_86","8_68","F",9
"9_55","8_86","8_68","M",9
"9_56","8_86","8_68","M",9
"9_57","8_93","8_166","F",9
"9_58","8_93","8_166","M",9
"9_59","8_93","8_166","M",9
"9_60","8_93","8_166","F",9
"9_61","8_27","7_199","M",9
"9_62","8_27","7_199","F",9
"9_63","8_27","7_199","M",9
"9_64","8_27","7_199","M",9
"9_65","8_164","5_123","M",9
"9_66","8_164","5_123","F",9
"9_67","8_164","5_123","F",9
"9_68","8_164","5_123","M",9
"9_69","8_82","8_105","M",9
"9_70","8_82","8_105","F",9
"9_71","8_82","8_105","M",9
"9_72","8_82","8_105","M",9
"9_73","8_89","7_184","F",9
"9_74","8_89","7_184","M",9
"9_75","8_89","7_184","F",9
"9_76","8_89","7_184","F",9
"9_77","8_39","6_169","F",9
"9_78","8_39","6_169","M",9
"9_79","8_39","6_169","M",9
"9_80","8_39","6_169","F",9
"9_81","8_60","8_156","M",9
"9_82","8_60","8_156","M",9
"9_83","8_60","8_156","M",9
"9_84","8_60","8_156","F",9
"9_85","8_119","8_31","F",9
"9_86","8_119","8_31","F",9
"9_87","8_119","8_31","F",9
"9_88","8_119","8_31","M",9
"9_89","8_130","8_19","M",9
"9_90","8_130","8_19","M",9
"9_91","8_130","8_19","M",9
"9_92","8_130","8_19","M",9
"9_93","8_8","8_37","F",9
"9_94","8_8","8_37","F",9
"9_95","8_8","8_37","M",9
"9_96","8_8","8_37","M",9
"9_97","8_168","0_46","F",9
"9_98","8_168","0_46","M",9
"9_99","8_168","0_46","M",9
"9_100","8_168","0_46","F",9
"9_101","7_58","8_14","M",9
"9_102","7_58","8_14","M",9
"9_103","7_58","8_14","F",9
"9_104","7_58","8_14","F",9
"9_105","7_105","7_39","F",9
"9_106","7_105","7_39","M",9
"9_107","7_105","7_39","M",9
"9_108","7_105","7_39","M",9
"9_109","7_16","4_111","M",9
"9_110","7_16","4_111","F",9
"9_111","7_16","4_111","M",9
"9_112","7_16","4_111","F",9
"9_113","4_54","7_172","F",9
"9_114","4_54","7_172","M",9
"9_115","4_54","7_172","F",9
"9_116","4_54","7_172","M",9
"9_117","5_32","7_73","F",9
"9_118","5_32","7_73","F",9
"9_119","5_32","7_73","M",9
"9_120","5_32","7_73","F",9
"9_121","7_187","7_156","F",9
"9_122","7_187","7_156","M",9
"9_123","7_187","7_156","M",9
"9_124","7_187","7_156","F",9
"9_125","6_12","8_9","F",9
"9_126","6_12","8_9","M",9
"9_127","6_12","8_9","F",9
"9_128","6_12","8_9","F",9
"9_129","3_176","7_93","M",9
"9_130","3_176","7_93","F",9
"9_131","3_176","7_93","F",9
"9_132","3_176","7_93","M",9
"9_133","7_27","6_16","M",9
"9_134","7_27","6_16","F",9
"9_135","7_27","6_16","F",9
"9_136","7_27","6_16","F",9
"9_137","6_133","8_25","F",9
"9_138","6_133","8_25","M",9
"9_139","6_133","8_25","M",9
"9_140","6_133","8_25","M",9
"9_141","6_74","8_20","M",9
"9_142","6_74","8_20","M",9
"9_143","6_74","8_20","F",9
"9_144","6_74","8_20","F",9
"9_145","4_39","4_42","F",9
"9_146","4_39","4_42","F",9
"9_147","4_39","4_42","F",9
"9_148","4_39","4_42","F",9
"9_149","7_67","4_119","M",9
"9_150","7_67","4_119","M",9
"9_151","7_67","4_119","M",9
"9_152","7_67","4_119","F",9
"9_153","6_95","8_79","M",9
"9_154","6_95","8_79","F",9
"9_155","6_95","8_79","M",9
"9_156","6_95","8_79","F",9
"9_157","7_2","8_64","F",9
"9_158","7_2","8_64","M",9
"9_159","7_2","8_64","M",9
"9_160","7_2","8_64","M",9
"9_161","7_10","7_21","F",9
"9_162","7_10","7_21","M",9
"9_163","7_10","7_21","F",9
"9_164","7_10","7_21","M",9
"9_165","5_152","8_57","F",9
"9_166","5_152","8_57","M",9
"9_167","5_152","8_57","M",9
"9_168","5_152","8_57","M",9
"9_169","7_78","8_145","M",9
"9_170","7_78","8_145","F",9
"9_171","7_78","8_145","M",9
"9_172","7_78","8_145","M",9
"9_173","7_130","6_154","M",9
"9_174","7_130","6_154","M",9
"9_175","7_130","6_154","F",9
"9_176","7_130","6_154","F",9
"9_177","5_80","7_29","F",9
"9_178","5_80","7_29","M",9
"9_179","5_80","7_29","M",9
"9_180","5_80","7_29","F",9
"9_181","3_32","8_150","M",9
"9_182","3_32","8_150","F",9
"9_183","3_32","8_150","M",9
"9_184","3_32","8_150","F",9
"9_185","6_170","8_21","M",9
"9_186","6_170","8_21","F",9
"9_187","6_170","8_21","F",9
"9_188","6_170","8_21","F",9
"9_189","5_169","8_162","M",9
"9_190","5_169","8_162","M",9
"9_191","5_169","8_162","F",9
"9_192","5_169","8_162","M",9
"9_193","6_139","7_48","F",9
"9_194","6_139","7_48","F",9
"9_195","6_139","7_48","F",9
"9_196","6_139","7_48","M",9
"9_197","7_20","4_186","F",9
"9_198","7_20","4_186","F",9
"9_199","7_20","4_186","F",9
"9_200","7_20","4_186","M",9
"10_1","9_21","8_31","F",10
"10_2","9_21","8_31","F",10
"10_3","9_21","8_31","F",10
"10_4","9_21","8_31","F",10
"10_5","9_121","8_156","F",10
"10_6","9_121","8_156","F",10
"10_7","9_121","8_156","F",10
"10_8","9_121","8_156","F",10
"10_9","9_50","6_94","M",10
"10_10","9_50","6_94","M",10
"10_11","9_50","6_94","F",10
"10_12","9_50","6_94","M",10
"10_13","9_184","7_62","M",10
"10_14","9_184","7_62","M",10
"10_15","9_184","7_62","M",10
"10_16","9_184","7_62","M",10
"10_17","9_27","9_107","M",10
"10_18","9_27","9_107","F",10
"10_19","9_27","9_107","M",10
"10_20","9_27","9_107","M",10
"10_21","9_35","9_149","F",10
"10_22","9_35","9_149","F",10
"10_23","9_35","9_149","F",10
"10_24","9_35","9_149","M",10
"10_25","9_180","9_33","M",10
"10_26","9_180","9_33","M",10
"10_27","9_180","9_33","M",10
"10_28","9_180","9_33","M",10
"10_29","9_9","9_114","F",10
"10_30","9_9","9_114","M",10
"10_31","9_9","9_114","F",10
"10_32","9_9","9_114","M",10
"10_33","9_113","6_155","F",10
"10_34","9_113","6_155","M",10
"10_35","9_113","6_155","F",10
"10_36","9_113","6_155","F",10
"10_37","9_134","9_36","M",10
"10_38","9_134","9_36","F",10
"10_39","9_134","9_36","F",10
"10_40","9_134","9_36","M",10
"10_41","9_44","9_138","F",10
"10_42","9_44","9_138","F",10
"10_43","9_44","9_138","F",10
"10_44","9_44","9_138","M",10
"10_45","9_100","9_38","M",10
"10_46","9_100","9_38","F",10
"10_47","9_100","9_38","F",10
"10_48","9_100","9_38","F",10
"10_49","9_85","4_119","M",10
"10_50","9_85","4_119","F",10
"10_51","9_85","4_119","M",10
"10_52","9_85","4_119","M",10
"10_53","9_42","9_79","M",10
"10_54","9_42","9_79","M",10
"10_55","9_42","9_79","F",10
"10_56","9_42","9_79","F",10
"10_57","9_186","9_72","F",10
"10_58","9_186","9_72","F",10
"10_59","9_186","9_72","F",10
"10_60","9_186","9_72","M",10
"10_61","9_66","7_184","M",10
"10_62","9_66","7_184","M",10
"10_63","9_66","7_184","M",10
"10_64","9_66","7_184","M",10
"10_65","9_128","8_83","M",10
"10_66","9_128","8_83","M",10
"10_67","9_128","8_83","F",10
"10_68","9_128","8_83","F",10
"10_69","9_152","9_129","F",10
"10_70","9_152","9_129","M",10
"10_71","9_152","9_129","M",10
"10_72","9_152","9_129","M",10
"10_73","9_144","9_192","M",10
"10_74","9_144","9_192","M",10
"10_75","9_144","9_192","M",10
"10_76","9_144","9_192","F",10
"10_77","9_157","8_9","M",10
"10_78","9_157","8_9","F",10
"10_79","9_157","8_9","M",10
"10_80","9_157","8_9","M",10
"10_81","9_120","8_162","M",10
"10_82","9_120","8_162","F",10
"10_83","9_120","8_162","F",10
"10_84","9_120","8_162","F",10
"10_85","9_145","9_172","F",10
"10_86","9_145","9_172","F",10
"10_87","9_145","9_172","F",10
"10_88","9_145","9_172","F",10
"10_89","9_93","7_172","F",10
"10_90","9_93","7_172","M",10
"10_91","9_93","7_172","F",10
"10_92","9_93","7_172","F",10
"10_93","9_110","8_37","M",10
"10_94","9_110","8_37","M",10
"10_95","9_110","8_37","M",10
"10_96","9_110","8_37","M",10
"10_97","9_105","7_37","F",10
"10_98","9_105","7_37","M",10
"10_99","9_105","7_37","M",10
"10_100","9_105","7_37","F",10
"10_101","8_88","9_39","M",10
"10_102","8_88","9_39","M",10
"10_103","8_88","9_39","M",10
"10_104","8_88","9_39","F",10
"10_105","8_164","8_125","F",10
"10_106","8_164","8_125","F",10
"10_107","8_164","8_125","F",10
"10_108","8_164","8_125","F",10
"10_109","8_108","7_93","M",10
"10_110","8_108","7_93","F",10
"10_111","8_108","7_93","F",10
"10_112","8_108","7_93","M",10
"10_113","7_27","9_116","M",10
"10_114","7_27","9_116","M",10
"10_115","7_27","9_116","F",10
"10_116","7_27","9_116","M",10
"10_117","7_187","8_152","F",10
"10_118","7_187","8_152","M",10
"10_119","7_187","8_152","M",10
"10_120","7_187","8_152","F",10
"10_121","8_86","9_17","F",10
"10_122","8_86","9_17","M",10
"10_123","8_86","9_17","M",10
"10_124","8_86","9_17","F",10
"10_125","6_133","8_105","F",10
"10_126","6_133","8_105","M",10
"10_127","6_133","8_105","M",10
"10_128","6_133","8_105","F",10
"10_129","8_130","0_46","M",10
"10_130","8_130","0_46","M",10
"10_131","8_130","0_46","M",10
"10_132","8_130","0_46","M",10
"10_133","6_12","6_16","M",10
"10_134","6_12","6_16","M",10
"10_135","6_12","6_16","F",10
"10_136","6_12","6_16","M",10
"10_137","6_139","8_145","M",10
"10_138","6_139","8_145","F",10
"10_139","6_139","8_145","F",10
"10_140","6_139","8_145","F",10
"10_141","8_189","9_71","M",10
"10_142","8_189","9_71","M",10
"10_143","8_189","9_71","M",10
"10_144","8_189","9_71","F",10
"10_145","8_27","9_10","M",10
"10_146","8_27","9_10","M",10
"10_147","8_27","9_10","F",10
"10_148","8_27","9_10","F",10
"10_149","8_81","9_32","M",10
"10_150","8_81","9_32","F",10
"10_151","8_81","9_32","F",10
"10_152","8_81","9_32","M",10
"10_153","8_148","8_79","F",10
"10_154","8_148","8_79","F",10
"10_155","8_148","8_79","M",10
"10_156","8_148","8_79","M",10
"10_157","5_169","9_37","F",10
"10_158","5_169","9_37","M",10
"10_159","5_169","9_37","M",10
"10_160","5_169","9_37","F",10
"10_161","7_105","9_78","F",10
"10_162","7_105","9_78","F",10
"10_163","7_105","9_78","F",10
"10_164","7_105","9_78","F",10
"10_165","7_130","7_156","M",10
"10_166","7_130","7_156","M",10
"10_167","7_130","7_156","F",10
"10_168","7_130","7_156","F",10
"10_169","8_29","9_119","F",10
"10_170","8_29","9_119","F",10
"10_171","8_29","9_119","M",10
"10_172","8_29","9_119","M",10
"10_173","7_58","9_83","M",10
"10_174","7_58","9_83","F",10
"10_175","7_58","9_83","F",10
"10_176","7_58","9_83","M",10
"10_177","8_93","4_186","M",10
"10_178","8_93","4_186","M",10
"10_179","8_93","4_186","F",10
"10_180","8_93","4_186","F",10
"10_181","5_152","9_13","F",10
"10_182","5_152","9_13","F",10
"10_183","5_152","9_13","M",10
"10_184","5_152","9_13","M",10
"10_185","7_2","9_81","F",10
"10_186","7_2","9_81","M",10
"10_187","7_2","9_81","F",10
"10_188","7_2","9_81","F",10
"10_189","6_74","8_64","M",10
"10_190","6_74","8_64","F",10
"10_191","6_74","8_64","M",10
"10_192","6_74","8_64","F",10
"10_193","7_67","8_144","M",10
"10_194","7_67","8_144","F",10
"10_195","7_67","8_144","F",10
"10_196","7_67","8_144","F",10
"10_197","8_82","9_171","F",10
"10_198","8_82","9_171","F",10
"10_199","8_82","9_171","M",10
"10_200","8_82","9_171","M",10
