"","BodyMass","age_year","RightTarsus","SexEstimate","summer","minutes_s","avg_invert","group_size","BirdID","BirthYear","CatchYear","Observer","animal"
"1",18,1.75616438356164,25.9,1,1,1.42375508165334,5.15521640609487,2,1287,1997,1999,"KB",1287
"2",14,0.657534246575342,23.2,0,0,-1.28175629588881,5.83789656882623,5,1244,1997,1997,"KB",1244
"3",15.8,0.657534246575342,25.6,1,1,-0.425931268298944,6.34906043057842,3,1194,1996,1997,"KB",1194
"4",15.4,1,25.9,1,1,-0.370716750389921,6.34906043057842,2,1165,1996,1997,"DR",1165
"5",15.6,1.95342465753425,25.9,1,1,-0.0118223839812679,3.40909704468116,6,1159,1996,1998,"DD",1159
"6",16,1,25.7,1,1,-0.812432893662109,6.34906043057842,3,1159,1996,1997,"KB",1159
"7",14.8,5.14794520547945,24.7,0,1,-0.563967563071503,3.40909704468116,4,638,1993,1998,"DR",638
"8",13.1,5.08767123287671,24.8,0,1,-0.729611116798573,3.40909704468116,4,511,1993,1998,"DR",511
"9",16.9,4.01369863013699,27,1,1,-0.784825634707597,6.34906043057842,2,497,1993,1997,"DR",497
"10",15.6,6.26502732240437,23,0,1,-1.47500710857039,3.65308711255895,3,1244,1997,2003,"LB",1244
"11",17.1,5.56164383561644,25.9,1,1,-0.972554995598277,3.65308711255895,2,1287,1997,2003,"DR",1287
"12",16.2,9.98904109589041,25.7,1,1,-0.370716750389921,3.65308711255895,2,544,1993,2003,"LB",544
"13",14.9,3.88767123287671,24,0,1,-0.343109491435409,3.65308711255895,5,1506,1999,2003,"CE",1506
"14",15,7.16164383561644,22,0,1,-1.33697081379783,3.18841004325798,2,1244,1997,2004,"LB",1244
"15",15.7,1.92622950819672,25.3,1,1,-1.17132726007076,3.18841004325798,2,1742,2002,2004,"LB",1742
"16",14.6,2,25.4,1,1,-0.784825634707597,3.18841004325798,2,1742,2002,2004,"CE",1742
"17",17,11.0684931506849,26.9,1,1,0.926824420472131,3.18841004325798,4,497,1993,2004,"LB",497
"18",17.1,8.09041095890411,25.1,1,1,-0.321023684271799,3.18841004325798,2,1165,1996,2004,"LB",1165
"19",16.8,0.386301369863014,25.6,1,1,-0.453538527253456,3.18841004325798,2,2962,2004,2004,"CE",2962
"20",16.4,5.02739726027397,23.8,0,1,0.181428428700314,3.18841004325798,3,1506,1999,2004,"OV",1506
"21",16.6,3.79234972677596,24.2,1,1,0.99308184196296,3.18841004325798,4,1604,2000,2004,"CE",1604
"22",17.5,11.4493150684932,27,1,0,-0.619182080980526,5.85391449056687,4,497,1993,2004,"CE",497
"23",15.4,0.73972602739726,25.8,1,0,-1.29279919947061,5.85391449056687,4,2962,2004,2004,"CE",2962
"24",15,0.734246575342466,23.8,1,1,-0.867647411571132,3.76584093842371,4,3464,2004,2005,"AK",3464
"25",16.5,7.16986301369863,25.8,1,1,-0.287894973526385,3.76584093842371,2,1412,1998,2005,"KH",1412
"26",15,2.45753424657534,24.4,0,1,1.15872539569003,3.76584093842371,3,1772,2003,2005,"KH",1772
"27",16.5,2.36438356164384,24.5,1,1,0.656273282717916,3.14873123228241,6,2962,2004,2006,"KH",2962
"28",15.8,4.07123287671233,25.4,1,1,1.35749766016251,3.14873123228241,5,1742,2002,2006,"JC",1742
"29",15.8,5.46575342465753,23.9,0,0,-1.69586518020648,2.69293973167199,4,1672,2001,2007,"CE",1672
"30",13.9,0.655737704918033,24.2,0,1,-0.906297574107448,2.59212595036396,4,5268,2007,2008,"JC",5268
"31",15.6,4.8986301369863,25.1,1,1,1.85442832134373,2.00111878419741,4,1742,2002,2007,"JC",1742
"32",15.1,10.2322404371585,23.2,0,1,-1.41427113887046,2.00111878419741,4,1244,1997,2007,"PS",1244
"33",15.1,0.843835616438356,23,0,1,-0.177465937708338,2.00111878419741,3,4950,2006,2007,"PS",4950
"34",16.7,14.1475409836066,26.7,1,1,-1.22654177797978,2.00111878419741,3,497,1993,2007,"PS",497
"35",14.9,10.7103825136612,22.9,0,0,-0.917340477689253,1.83148956081149,4,1244,1997,2008,"JC",1244
"36",13.5,0.743169398907104,24,0,0,-0.602617725607819,1.83148956081149,5,5074,2007,2008,"JC",5074
"37",15.2,5.47540983606557,25.6,1,0,-0.950469188434667,1.83148956081149,4,1742,2002,2008,"JC",1742
"38",13.5,0.751366120218579,24.1,0,0,1.54522702105319,1.83148956081149,5,5074,2007,2008,"JC",5074
"39",17,10.5698630136986,25.7,1,0,-0.11120851621751,3.28909595669203,3,1412,1998,2009,"JW",1412
"40",14.5,1.04931506849315,24,0,0,-0.0504725465175844,3.28909595669203,2,5268,2007,2009,"MH",5268
"41",16.8,2.71506849315068,26.5,1,0,-0.337588039644507,3.28909595669203,2,4860,2006,2009,"MH",4860
"42",16.6,0.328767123287671,26.5,1,0,-0.541881755907893,3.28909595669203,2,5290,2008,2009,"MH",5290
"43",15.6,5.99453551912568,25.2,1,1,-0.536360304116991,2.59212595036396,2,1742,2002,2008,"JC",1742
"44",17.8,2.21643835616438,26.3,1,1,-0.105687064426608,2.59212595036396,2,4860,2006,2008,"JC",4860
"45",17,10.1287671232877,26,1,1,-0.76826127933489,2.59212595036396,4,1412,1998,2008,"JC",1412
"46",16.2,3.81147540983607,24.9,1,1,-0.481145786207968,2.59212595036396,2,3464,2004,2008,"JC",3464
"47",14.9,1.23835616438356,24.6,0,1,1.10903232957191,3.43745237720491,2,5336,2009,2010,"MH",5336
"48",16.2,1.76986301369863,26.4,1,1,1.20289701001725,3.43745237720491,2,5290,2008,2010,"MH",5290
"49",16.4,0.657534246575342,24.5,0,1,1.0924679741992,3.43745237720491,3,5537,2009,2010,"MH",5537
"50",13.8,1.19452054794521,23.3,0,1,-1.30384210305242,3.43745237720491,3,5339,2009,2010,"DR",5339
"51",15.3,0.775342465753425,25,0,1,0.623144571972502,3.43745237720491,3,5537,2009,2010,"MH",5537
"52",13.7,2.97260273972603,24.5,0,1,0.402286500336408,9.22112790135102,3,5242,2008,2011,"MH",5242
"53",14.8,1.7972602739726,24.1,0,1,-0.823475797243913,9.22112790135102,2,5514,2009,2011,"SAK",5514
"54",15.8,1.83835616438356,24.2,0,1,-0.343109491435409,9.22112790135102,2,5537,2009,2011,"SAK",5537
"55",13.9,0.655737704918033,24.2,0,1,0.739095059581452,4.47840260394996,4,5842,2012,2012,"SAK",5842
"56",14.3,0.866120218579235,23.5,0,1,0.302900368100166,4.47840260394996,3,5657,2011,2012,"SAK",5657
"57",15.8,11.8633879781421,24.5,1,1,-1.04433386888001,4.47840260394996,3,1604,2000,2012,"SAK",1604
"58",16.2,1.06575342465753,23.5,0,1,-1.29279919947061,4.47840260394996,3,5657,2011,2012,"SAK",5657
"59",16,0.328767123287671,24.7,1,0,-0.459059979044358,4.09578878614323,4,5904,2012,2013,"HE",5904
"60",20,0.657534246575342,23.4,1,1,0.324986175263775,3.25588827134803,3,6010,2012,2013,"LMG",6010
"61",15.5,0.772602739726027,24.6,1,1,0.99308184196296,3.25588827134803,5,5904,2012,2013,"HD",5904
"62",14,3.75068493150685,24.6,0,1,-0.000779480399463215,3.25588827134803,6,5514,2009,2013,"MB",5514
"63",13,3.75342465753425,24,0,1,-0.177465937708338,3.25588827134803,6,5514,2009,2013,"MB",5514
"64",16.1,1.32328767123288,24.6,1,0,-0.260287714571874,6.32106875513502,2,5904,2012,2014,"HE",5904
"65",15.2,0.947945205479452,25.9,1,1,1.0869465224083,4.45790002850407,4,6047,2013,2014,"SAK",6047
"66",14.5,4.61643835616438,25,0,1,-0.812432893662109,4.45790002850407,2,5537,2009,2014,"HE",5537
"67",15.4,1.75890410958904,24.3,1,1,-0.232680455617362,4.45790002850407,2,5904,2012,2014,"KLB",5904
"68",13.2,0.328767123287671,26,0,1,-0.177465937708338,4.45790002850407,3,6177,2014,2014,"KLB",6177
"69",16.8,8.18904109589041,25.6,1,1,-1.08850548320723,4.45790002850407,3,4860,2006,2014,"KLB",4860
"70",13.6,2.52328767123288,24.2,0,1,-1.22654177797978,4.45790002850407,2,5842,2012,2014,"KLB",5842
"71",15,3.01917808219178,23.6,0,1,1.63909170149853,4.45790002850407,6,5657,2011,2014,"KLB",5657
"72",15,3.04383561643836,24.1,0,1,1.62804879791673,4.45790002850407,6,5657,2011,2014,"KLB",5657
"73",15.5,1.17534246575342,25.8,1,1,-0.939426284852863,4.45790002850407,4,6047,2013,2014,"KLB",6047
"74",15.8,0.328767123287671,26.2,1,1,-1.2541490369343,4.45790002850407,4,6219,2014,2014,"KLB",6219
"75",16.2,0.336986301369863,25.9,1,1,-0.944947736643765,4.45790002850407,4,6219,2014,2014,"SAK",6219
"76",14.4,0.476712328767123,25,0,1,-0.630224984562331,4.45790002850407,3,6177,2014,2014,"SAK",6177
"77",16,1.15890410958904,25.7,1,1,-0.967033543807374,4.45790002850407,4,6047,2013,2014,"SAK",6047
"78",15.6,0.706849315068493,26,1,0,0.982038938381155,3.03440265886707,4,6219,2014,2015,"MB",6219
"79",15.6,1.57808219178082,25.6,1,0,-0.425931268298944,3.03440265886707,5,6047,2013,2015,"MB",6047
"80",17.5,3.40163934426229,25.3,1,0,-0.508753045162479,2.28246726385627,2,5904,2012,2016,"DJW",5904
"81",15.3,1.0986301369863,24,0,1,-0.343109491435409,3.42862364747379,3,6754,2017,2018,"AVE",6754
"82",17.2,2.94246575342466,26.2,1,1,-0.260287714571874,3.42862364747379,2,6548,2015,2018,"AVE",6548
"83",16.2,2.96986301369863,26.1,1,1,-0.867647411571132,3.42862364747379,2,6548,2015,2018,"CD",6548
"84",15.4,9.18356164383562,24.2,0,0,-0.343109491435409,2.98437240804918,3,5537,2009,2019,"TC",5537
"85",16,3.37808219178082,26,1,0,-0.784825634707597,2.98437240804918,2,6548,2015,2019,"TJB",6548
"86",14.8,5.07671232876712,24.3,0,1,-0.95599064022557,3.15933207700952,4,6754,2017,2022,"KL",6754
"87",15.8,5.17534246575342,24.1,0,1,-0.735132568589476,3.15933207700952,4,6754,2017,2022,"CL",6754
